{
 "ours_30000": {
  "SSIM": {
   "00000.png": 0.7461767196655273,
   "00001.png": 0.9445299506187439,
   "00002.png": 0.9308297634124756
  },
  "PSNR": {
   "00000.png": 16.414901733398438,
   "00001.png": 32.662933349609375,
   "00002.png": 30.17613410949707
  },
  "LPIPS": {
   "00000.png": 0.247494637966156,
   "00001.png": 0.11203671246767044,
   "00002.png": 0.13702642917633057
  }
 }
}