{
 "ours_30000": {
  "SSIM": 0.8738455176353455,
  "PSNR": 26.41798973083496,
  "LPIPS": 0.16551925241947174
 }
}